before_replacement,after_replacement
μ„ μƒλ‹,κ°•μ‚¬λ‹
μƒ,κ°•μ‚¬λ‹
μ¤,κ°•μ‚¬λ‹
λ΅κΈ΄,λ΅κ·ΈμΈ
γ…΅γ…΅,λ³„λ΅μ—μ”
ν•΄κ²°,κ°μ„ 
μ—…κΈ€,κ°μ„ 
μ—…λ“,κ°μ„ 
μμ •,κ°μ„ 
μ—…κ·Έλ μ΄λ“,κ°μ„ 
ν¨μΉ,κ°μ„ 
μ—…λ°μ΄νΈ,κ°μ„ 
μ—…λƒ,κ°μ„ 
^^,μΆ‹μ•„μ”
β™¥,μΆ‹μ•„μ”
π,μΆ‹μ•„μ”
β™΅,μΆ‹μ•„μ”
π’•,μΆ‹μ•„μ”
γ…,μΆ‹μ•„μ”
π’π½,μΆ‹μ•„μ”
π’,μΆ‹μ•„μ”
π™†,μΆ‹μ•„μ”
π,μΆ‹μ•„μ”
π„,μΆ‹μ•„μ”
π‘π»,μΆ‹μ•„μ”
π‘,μΆ‹μ•„μ”
π€,μΆ‹μ•„μ”
μΊμ‹μ›ν¬,μ‚¬μ΄νΈ
μΊμ‹μ¬λΌμ΄λ“,μ‚¬μ΄νΈ
μ• λ‹ν•,μ‚¬μ΄νΈ
μ‚Όμ„±ν—¬μ¤,μ‚¬μ΄νΈ
λ°”μ΄νƒλ¦¬ν‹°,μ‚¬μ΄νΈ
λ°λ°μ΄,μ‚¬μ΄νΈ
λΌμ΄ν¬ν•,μ‚¬μ΄νΈ
μ–΄ν”λ¦¬μΌ€μ΄μ…,μ‚¬μ΄νΈ
μ• ν”λ¦¬μΌ€μ΄μ…,μ‚¬μ΄νΈ
μ–΄ν”,μ‚¬μ΄νΈ
ν™νμ΄μ§€,μ‚¬μ΄νΈ
λ§μΌ“,μ‚¬μ΄νΈ
μ½”μΈμ¤ν…,μ‚¬μ΄νΈ
ν•λ°μ΄,μ‚¬μ΄νΈ
μ—΅,μ‚¬μ΄νΈ
μ™,μ‚¬μ΄νΈ
μ•±,μ‚¬μ΄νΈ
κ°€λ§Ήμ ,μ΄λ™μ‹μ„¤
μνƒ€,μ΄λ™μ‹μ„¤
λ§¤μ¥,μ΄λ™μ‹μ„¤
ννΈλ‹μ¤,μ΄λ™μ‹μ„¤
μ„Όν„°,μ΄λ™μ‹μ„¤
μ¤ν¬μΈ μ„Όν„°,μ΄λ™μ‹μ„¤
μ¤ν¬μΈ ν΄λ½,μ΄λ™μ‹μ„¤
μ¤ν¬μΈ μ‹μ„¤,μ΄λ™μ‹μ„¤
ν—¬μ¤μ¥,μ΄λ™μ‹μ„¤
μ§,μ΄λ™μ‹μ„¤
λ§¤μ¥,μ΄λ™μ‹μ„¤
μμμ¥,μ΄λ™μ‹μ„¤
ν”ΌνΈλ‹μ¤,μ΄λ™μ‹μ„¤
ννΈλ‹μ¤,μ΄λ™μ‹μ„¤
ν”ΌνΈλ‹μ¤ν΄λ½,μ΄λ™μ‹μ„¤
κ³¨ν”„μ¥,μ΄λ™μ‹μ„¤
LGν°,μ¤λ§νΈν°
μ•λ“λ΅μ΄λ“,μ¤λ§νΈν°
LG V10,μ¤λ§νΈν°
G7,μ¤λ§νΈν°
GX,κ·Έλ£Ήμ΄λ™
G8,μ¤λ§νΈν°
G5,μ¤λ§νΈν°
G4,μ¤λ§νΈν°
G3,μ¤λ§νΈν°
G2,μ¤λ§νΈν°
amazfit,μ›¨μ–΄λ¬λΈ”
νΈν™,μ—°λ™
ν¨κ³Όμ,μ‚¬μ΄λ“
νμ,κ°―μ
νμ,κ°―μ
ν™λ™μ–‘,ν™λ™λ‰
ν™λ™ λ‰,ν™λ™λ‰
ν™κΈ‰,ν™λ¶
μ„Έλ¶€,λ””ν…μΌ
ν•Έλ“ν°,μ¤λ§νΈν°
ν•λΉ—μ•νƒ€,μ›¨μ–΄λ¬λΈ”
ν•λΉ—μ‹κ³„,μ›¨μ–΄λ¬λΈ”
ν”Όν‹°,νΌμ¤λ„νΈλ μ΄λ‹
ν’λ©,λ¬Όκ±΄
ν‘Έμ‹μ—…,ν‘Έμ‰¬μ—…
ν‘Έμ‹μ—…,ν‘Έμ‰¬μ—…
ν‘Έμ…¥,ν‘Έμ‰¬μ—…
νλ¶,νμ΄μ¤λ¶
ν¨μΉ,μ—…λ°μ΄νΈ
ν”κµ½ν€ ν΄κΈ°,ν‘Έμ‰¬μ—…
ν” κµ½ν”λ‹¤κ°€ν”ΌκΈ°,ν‘Έμ‰¬μ—…
ν” κµ½ν”λ‹¤κ°€ ν΄κΈ°,ν‘Έμ‰¬μ—…
ν” κµ½ν€ ν”ΌκΈ°,ν‘Έμ‰¬μ—…
νμ΄ν…,ν™”μ΄ν…
νΈλμ»¤,μ›¨μ–΄λ¬λΈ”
μ½”μΉ,μ½”μΉ­
μ½”μΈμƒμ,μ•„μ΄ν…
μ½”μΈλ°•μ¤,μ•„μ΄ν…
μ½”μΈ μƒμ,μ•„μ΄ν…
μΌ€μ‹,ν¬μΈνΈ
μ»µμ–‘,μ»µλ‰
μ»µ λ‰,μ»µλ‰
μ»¬μ² λλ“,ν¬μΈνΈ
μΊμ‹,ν¬μΈνΈ
μΊμ‰¬,ν¬μΈνΈ
ν›„κΈ°,λ¦¬λ·°
μΉΌλ΅λ¦¬ μ–‘,μΉΌλ΅λ¦¬λ‰
μΉΌλ΅λ¦¬ λ‰,μΉΌλ΅λ¦¬λ‰
μΉ΄ν†΅λ°©,μ±„ν…λ°©
μΉ΄ν†΅ λ°©,μ±„ν…λ°©
μΉ΄ν†΅,μΉ΄μΉ΄μ¤ν†΅
μΉ΄μΉ΄μ¤ν†΅λ°©,μ±„ν…λ°©
μΉ΄μΉ΄μ¤,μΉ΄μΉ΄μ¤ν†΅
μ·¨μΉ¨,μλ©΄
μ΄λ”©,μ΄λ“±ν•™μƒ
μ΄κΈ°ν™”,λ¦¬μ…‹
μ²΄μ§€λ°©μ–‘,μ²΄μ§€λ°©λ‰
μ²΄μ§€λ°© μ–‘,μ²΄μ§€λ°©λ‰
μ²΄μ§€λ°© λ‰,μ²΄μ§€λ°©λ‰
μ²΄μ¤‘κ°λ‰,λ‹¤μ΄μ–΄νΈ
μ²΄μ¤‘ κ°λ‰,λ‹¤μ΄μ–΄νΈ
μ±„ν… λ°©,μ±„ν…λ°©
μ¤‘λ‰μ΄λ™,μ›¨μ΄νΈνΈλ μ΄λ‹
μ¤‘λ‰ μ΄λ™,μ›¨μ΄νΈνΈλ μ΄λ‹
μ¤‘λ‰ μ΄λ™,μ›¨μ΄νΈνΈλ μ΄λ‹
μ¤‘λ”©,μ¤‘ν•™μƒ
μ ν’,λ¬Όκ±΄
μ¥μ• ,μ¤λ¥
μ‘μ„±,μ…λ ¥
μΈμ¤νƒ€,μΈμ¤νƒ€κ·Έλ¨
μ΄μ©μ,μ‚¬μ©μ
μ΄μ©,μ‚¬μ©
μ›€μ§μ„ λ‰,ν™λ™λ‰
μ μ €,μ‚¬μ©μ
μ μ‚°μ† μ΄λ™,μ μ‚°μ†μ΄λ™
μ›¨μ΄νΈ νΈλ μ΄λ‹,μ›¨μ΄νΈνΈλ μ΄λ‹
μ›¨μ΄νΈ,μ›¨μ΄νΈνΈλ μ΄λ‹
μ›€μ§μ„λ‰,ν™λ™λ‰
μ°λ¦¬λ‚λΌ,ν•κµ­
μ°λ¦¬ λ‚λΌ,ν•κµ­
μ”κΈ,κ°€κ²©
μ™„μ„±,μ™„λ£
μ—°κ²°,μ—°λ™
μ—¬μ„±,μ—¬μ
μ–κΈ°,μ΄μ•ΌκΈ°
μ•νƒ€,μ›¨μ–΄λ¬λΈ”
μ•„λ©”λ¦¬μΉ΄λ…Έ,μ»¤ν”Ό
μ“Έλ¨μ—†,λ¬΄μ©μ§€λ¬Ό
μ¤νƒ€λ²…μ¤,μ¤νƒ€λ²…μ¤
μ¤μΌ€μ¥΄,μ¤μΌ€μ¤„
μ¤λ§νΈμ›μΉ,μ›¨μ–΄λ¬λΈ”
μ¤λ§νΈλ°΄λ“,μ›¨μ–΄λ¬λΈ”
μ¤λ§νΈ μ›μΉ,μ›¨μ–΄λ¬λΈ”
μ†λ¨ μ—΄λ‰,μ†λ¨μ—΄λ‰
μ…‹ν…,μ„¤μ •
μ„Έν…,μ„¤μ •
μ„ΈνΈλ³„,μ„ΈνΈμ‚¬μ΄
μ„ΈνΈ μ,μ„ΈνΈμ‚¬μ΄
μ„ΈνΈ μ‚¬μ΄,μ„ΈνΈμ‚¬μ΄
μ„ΈνΈ λ³„,μ„ΈνΈμ‚¬μ΄
μ„ΈνΈ κ°„,μ„ΈνΈμ‚¬μ΄
λ ‰,μ¤λ¥
μ„­μ·¨μ–‘,μ„­μ·¨λ‰
μ„­μ·¨ μ–‘,μ„­μ·¨λ‰
μƒ¤μ¤λ―Έ λ°΄λ“,μ›¨μ–΄λ¬λΈ”
μƒν’κ¶,μƒν’κ¶
μƒν’,λ¬Όκ±΄
μ‚Όμ„± ν—¬μ¤,λ‹¤μ΄μ–΄νΈ
μ‚΄ λΉΌ,λ‹¤μ΄μ–΄νΈ
μ‚°ν–‰,λ“±μ‚°
μ‚¬μ©λ²•,μ„¤λ…μ„
μ‚¬μ©λ°©λ²•,μ„¤λ…μ„
λΉ„μ©,κ°€κ²©
λΉ„λ°€ λ²νΈ,λΉ„λ°€λ²νΈ
λ¶€νƒ,μ”κµ¬
λ³΄μ„μƒμ,μ•„μ΄ν…
λ³΄μ„ μƒμ,μ•„μ΄ν…
λ³΄κ³ ,ν™•μΈ
λ³€κ²½,μμ •
λ² ν„°λ¦¬,λ°°ν„°λ¦¬
λ²κΈ°,νλ“
λ²„κ·Έ,μ¤λ¥
λ°§λ°λ¦¬,λ°°ν„°λ¦¬
λ°μ‹ λ°μ,μλ¬Έ
λ―Έν•,μ›¨μ–΄λ¬λΈ”
λ―Έ ν•,μ›¨μ–΄λ¬λΈ”
λ¬Όν’,λ¬Όκ±΄
λ¬Ό λ§μ‹κΈ°,λ¬Όμ„­μ·¨
λ¬Έν™”μƒν’κ¶,μƒν’κ¶
λ¬Έμ μ ,λ¬Έμ 
λ¬Έμ,μ”κµ¬
λ¬Έμƒ,μƒν’κ¶
λ¬΄μ©μ§€λ¬Ό,λ¬΄μ©μ§€λ¬Ό
λΈλ¬΄κ² κ°λ‰,λ‹¤μ΄μ–΄νΈ
λΈλ¬΄κ²,μ²΄μ¤‘
λ©ν‘μ–‘,λ©ν‘λ‰
λ¨λ°”μΌ,μ¤λ§νΈν°
λ©”μ„Έμ§€,λ©”μ‹μ§€
λ¨Ήν†µ,μ¤λ¥
λ§,λ§μ
λ§λ³΄κΈ°,λ§λ³΄κΈ°
λ§λ³΄,λ§λ³΄κΈ°
λ§λ‹,λ§μ΄
λ§ν¬,μ‚¬μ΄νΈ
μΉΌλ΅λ¦¬μ–‘,μΉΌλ΅λ¦¬λ‰
λ°λ‹,λ°λ‹
λ¬λ‹,λ°λ‹
λ­ν‚Ή,μμ„
λ™κΈ° λ¶€μ—¬,λ™κΈ°λ¶€μ—¬
λ“κΈ€,λ‹µλ³€
λ€λ‹µ,λ‹µλ³€
λ‹µμ¥,λ‹µλ³€
λ‹µλ³€,λ‹µλ³€
λ‹µκΈ€,λ‹µλ³€
λ‹¬λ¦¬κΈ°,λ°λ‹
λ‹¤μ΄μ–΄λ¦¬,μΌμ§€
λ…ΈνΈ9,μ¤λ§νΈν°
λ…ΈνΈ7,μ¤λ§νΈν°
λ…ΈνΈ6,μ¤λ§νΈν°
λ…ΈνΈ5,μ¤λ§νΈν°
λ…ΈνΈ3,μ¤λ§νΈν°
λ…ΈνΈ10,μ¤λ§νΈν°
λ…ΈνΈ1,μ¤λ§νΈν°
λ„¥μ„μ¤,μ¤λ§νΈν°
λ„¤λΉ„,λ„¤λΉ„κ²μ΄μ…
λ‚¨μ„±,λ‚¨μ
κΏ€μ ,μ™λ©΄
κΈ°ν”„,μƒν’κ¶
κΈ°μ…,μ…λ ¥
κΈ°μ–΄μ¤ν¬μΈ ,μ›¨μ–΄λ¬λΈ”
κΈ°μ–΄,μ›¨μ–΄λ¬λΈ”
κ·Όμ΅ λ‰,κ·Όμ΅λ‰
κ¶¤μ  ν‘μ‹,κ¶¤μ ν‘μ‹
κµ¬μ…,κµ¬λ§¤
κ³µμ§,λ¬΄λ£
κ³ μΉ¨,μμ •
κ³ μ²,κ°μ„ 
κ³ λ”©,κ³ λ“±ν•™μƒ
κ²°μ¬,κ²°μ 
κ²°μ¬,κ²°μ 
κ²”λ­μ‹,κ°¤λ­μ‹
κ²”9,μ¤λ§νΈν°
κ²”8,μ¤λ§νΈν°
κ²”7,μ¤λ§νΈν°
κ²”6,μ¤λ§νΈν°
κ²”5,μ¤λ§νΈν°
κ²”4,μ¤λ§νΈν°
κ²”3,μ¤λ§νΈν°
κ²”2,μ¤λ§νΈν°
κ±Έμκ±Έμ΄,κ±Έμ
κ±Έμ–΄λ„,κ±Έμ
κ±·κΈ°,κ±Έμ
κ±΄μ,μ”κµ¬
κ°¤λ­μ‹S,μ¤λ§νΈν°
κ°¤λ­μ‹ν°,μ¤λ§νΈν°
κ°¤λ­μ‹λ…ΈνΈ,μ¤λ§νΈν°
κ°¤λ­μ‹κΈ°μ–΄,μ›¨μ–΄λ¬λΈ”
κ°¤λ­μ‹ S,μ¤λ§νΈν°
κ°¤λ­μ‹ μ‹λ¦¬μ¦,μ¤λ§νΈν°
κ°¤λ­μ‹ λ…ΈνΈ,μ¤λ§νΈν°
κ°¤λ­μ‹ λ…ΈνΈ,μ¤λ§νΈν°
κ°¤λ­μ‹ κΈ°μ–΄,μ›¨μ–΄λ¬λΈ”
κ°¤ μ‹λ¦¬μ¦,μ¤λ§νΈν°
κ°€μ…,νμ›κ°€μ…
κ°€μ„ λ°”μ„ λ³΄,κ°€μ„λ°”μ„λ³΄
κ°€λ―ΌλΉ„λ³΄μ¤λ§νΈ,μ›¨μ–΄λ¬λΈ”
κ°€λ―Ό μ»¤ν…νΈ,κ°€λ―Όμ»¤λ„¥νΈ
λ°λ“λ¦¬ν”„νΈ,λ“±κ·Όμ΅μ΄λ™
λ°λ“ λ¦¬ν”„νΈ,λ“±κ·Όμ΅μ΄λ™
λ” ν• λ‚μ„,λ”ν• λ‚μ„
λ‹λ‹Ή,λ‹λ‹¤
ν‹°λ λ¨μ•„,ν‹°λλ¨μ•„
μ¤νΈλμΉ­,μ¤νΈλ μΉ­
ν™ νΈλ μ΄λ‹,ν™νΈλ μ΄λ‹
ν™νΈ,ν™νΈλ μ΄λ‹
νμ› λ―Έν„°,νμ›λ―Έν„°
μ†μ… μ¨ν΄,μ†μ…μ¨ν΄
μ†μ…μ„ν΄,μ†μ…μ¨ν΄
μ†μ„¤ μ„ν΄,μ†μ…μ¨ν΄
μ†μ„¤μ„ν΄,μ†μ…μ¨ν΄
μ†μ„¤ μ¨ν΄,κµ¬κΈ€ν”λ μ΄μ¤ν† μ–΄
κµ¬κΈ€ ν”λ μ΄μ¤ν† μ–΄,κµ¬κΈ€ν”λ μ΄μ¤ν† μ–΄
κµ¬κΈ€ ν”λ μ΄ μ¤ν† μ–΄,κµ¬κΈ€ν”λ μ΄μ¤ν† μ–΄
κµ¬κΈ€ν”λ μ΄ μ¤ν† μ–΄,κµ¬κΈ€ν”λ μ΄μ¤ν† μ–΄
κµ¬κΈ€μ¤ν† μ–΄,ν•λ‚λ©¤λ²„μ¤
ν•λ‚λ©¤λ²„,ν•λ‚λ©¤λ²„μ¤
λ§΄λ²„μ‰½,λ©¤λ²„μ‰½
λ§΄λ²„μ‹­,λ©¤λ²„μ‰½
λΈ”λ£¨ ν¬μ¤,λΈ”λ£¨ν¬μ¤
λ¶λ£¨ν¬μ¤,λΈ”λ£¨ν¬μ¤
λ¶λ¥΄ν¬μ¤,λΈ”λ£¨ν¬μ¤
λΈ”λ£¨νΈμ¤,λΈ”λ£¨ν¬μ¤
λ¶λ£¨νΈμ¤,λΈ”λ£¨ν¬μ¤
λΈ”λ£¨ νΈμ¤,λΈ”λ£¨ν¬μ¤
λ¶λ£¨ νΈμ¤,λΈ”λ£¨ν¬μ¤
μμ‹λ‰,μμ‹μ–‘
κ°„ν—μ  λ‹¨μ‹,κ°„ν—μ  λ‹¨μ‹
κ°„ν—λ‹¨μ‹,κ°„ν—μ λ‹¨μ‹
κ°„ν— λ‹¨μ‹,κ°„ν—μ λ‹¨μ‹
λ‹¨μ‹,κ°„ν—μ λ‹¨μ‹
κ³ κ° μ„Όν„°,κ³ κ°μ„Όν„°
κ³ κ° μƒν„°,κ³ κ°μ„Όν„°
νΈλ ν‚Ή,νΈλν‚Ή
νΈλ™ν‚Ή,νΈλν‚Ή
νΈλ ‰ν‚Ή,νΈλν‚Ή
μ¬ν΄μ—…μ†,μ ν΄μ—…μ²΄
μ¬ν΄μ—…μ²΄,μ ν΄μ—…μ²΄
μ¬ν΄ μ—…μ²΄,μ ν΄μ—…μ²΄
μ¬ν΄μ²,μ ν΄μ—…μ²΄
λΈ”λ£¨ ν¬μ¤,λΈ”λ£¨ν¬μ¤
λΈ”λ¥ν¬μ¤,λΈ”λ£¨ν¬μ¤
μ΄λ™ κ±°λ¦¬,μ΄λ™κ±°λ¦¬
μ›€μ§μΈ κ±°λ¦¬,μ΄λ™κ±°λ¦¬
μ›€μ§μΈκ±°λ¦¬,μ΄λ™κ±°λ¦¬
λ λ°”λ””,λλ°”λ””
λ™κΈ°ν™”,λ™κΈ°ν™”λ¨λ“
μ μ•„μ΄,μ μ €μΈν„°νμ΄μ¤
μ›λ“,λ¦¬μ›λ“
μ—…λƒ,μ—…λ°μ΄νΈ
μ—…κ·Έλ μ΄λ“,μ—…λ°μ΄νΈ
μ—…κΈ€,μ—…λ°μ΄νΈ
μ•λ©λ‹λ‹¤,μ•λ©λ‹λ‹¤
μ•λμ”,μ•λ©λ‹λ‹¤
μ•λμ–΄μ”,μ•λ©λ‹λ‹¤
μ•λκ±°λ“ μ”,μ•λ©λ‹λ‹¤
μ•λλ„¤μ”,μ•λ©λ‹λ‹¤
μ•λκ±°λ©μ”,μ•λ©λ‹λ‹¤
μ•λΌκ±°λ“ μ”,μ•λ©λ‹λ‹¤
μ•λΌκ±°λ©μ”,μ•λ©λ‹λ‹¤
μ•λκ±°λ©μ”,μ•λ©λ‹λ‹¤
μ•λκ±°λ“ μ”,μ•λ©λ‹λ‹¤
μ•λΌκ±°λ“ μ”,μ•λ©λ‹λ‹¤
μ•λκ±°λ“ μ”,μ•λ©λ‹λ‹¤
μ•λλ„¤μ”,μ•λ©λ‹λ‹¤
μ•λμ”,μ•λ©λ‹λ‹¤
μ•λμ–΄μ”,μ•λ©λ‹λ‹¤
μ•λΌμ”,μ•λ©λ‹λ‹¤
μ•λΌμ–΄μ”,μ•λ©λ‹λ‹¤
μ•λλ‹λ‹¤,μ•λ©λ‹λ‹¤
μ•λΌλ„¤μ”,μ•λ©λ‹λ‹¤
μ•λλ‚΄μ”,μ•λ©λ‹λ‹¤
μ•λΌλ„¤μ”,μ•λ©λ‹λ‹¤
μ•λΌμ”,μ•λ©λ‹λ‹¤
μ• λμ”,μ•λ©λ‹λ‹¤
μ• λμ”,μ•λ©λ‹λ‹¤
μ• λΌμ”,μ•λ©λ‹λ‹¤
μ• λΌμ”,μ•λ©λ‹λ‹¤
μ• λλ„¤μ”,μ•λ©λ‹λ‹¤
μ• λΌλ„¤μ”,μ•λ©λ‹λ‹¤
μ• λ©λ‹λ‹¤,μ•λ©λ‹λ‹¤
μ• λ©λ‹λ‹¤,μ•λ©λ‹λ‹¤
μ• λλ‹λ‹¤,μ•λ©λ‹λ‹¤
μ• λλ‹λ‹¤,μ•λ©λ‹λ‹¤
μ•λ κ°€μ”,μ•λ©λ‹λ‹¤
μ•λ κ°€μ”,μ•λ©λ‹λ‹¤
μ•λ κΉμ”,μ•λ©λ‹λ‹¤
μ•λ κΉμ”,μ•λ©λ‹λ‹¤
μ• λ κΉμ”,μ•λ©λ‹λ‹¤
μ• λ κΉμ”,μ•λ©λ‹λ‹¤
μ• λ„κΉμ”,μ•λ©λ‹λ‹¤
μ• λ„κΉμ”,μ•λ©λ‹λ‹¤
μ•λκΉμ”,μ•λ©λ‹λ‹¤
μ•λ€λ‚μ”,μ•λ©λ‹λ‹¤
μ•λ€μ”,μ•λ©λ‹λ‹¤
μ•λ€λ„¤μ”,μ•λ©λ‹λ‹¤
μ•λ€λ‚΄μ”,μ•λ©λ‹λ‹¤
μ•λ€λ„¤,μ•λ©λ‹λ‹¤
μ•λ€λ„¤μ”,μ•λ©λ‹λ‹¤
μ•λ€λ‚΄μ”,μ•λ©λ‹λ‹¤
μ•λ€λ„¤μ”,μ•λ©λ‹λ‹¤
μ•λ‘λ‹λ‹¤,μ•λ©λ‹λ‹¤
μ•λ‘λ‹λ‹¤,μ•λ©λ‹λ‹¤
μ•λ€μ—¬,μ•λ©λ‹λ‹¤
μ•λ€μ—¬,μ•λ©λ‹λ‹¤
μ•λ°μ—¬,μ•λ©λ‹λ‹¤
μ•λ°μ—¬,μ•λ©λ‹λ‹¤
μ• λ€μ—¬,μ•λ©λ‹λ‹¤
μ• λ€μ—¬,μ•λ©λ‹λ‹¤
μΆ‹κ² μµλ‹λ‹¤,μΆ‹κ² μµλ‹λ‹¤
μΆ‹μ„ κ²ƒ κ°™μ•„μ”,μΆ‹κ² μµλ‹λ‹¤
μΆ‹μ„ κ²ƒ κ°™λ„¤μ”,μΆ‹κ² μµλ‹λ‹¤
μΆ‹κ² μ–΄μ”,μΆ‹κ² μµλ‹λ‹¤
μΆ‹μ„ κ±° κ°™λ„¤μ”,μΆ‹κ² μµλ‹λ‹¤
μΆ‹μ„λ“―,μΆ‹κ² μµλ‹λ‹¤
μΆ‹μ„λ“―ν•©λ‹λ‹¤,μΆ‹κ² μµλ‹λ‹¤
μΆ…μ„λ“―,μΆ‹κ² μµλ‹λ‹¤
μΆ…μ„λ“―ν•©λ‹λ‹¤,μΆ‹κ² μµλ‹λ‹¤
μΆ‹κ² μ–΄μ”,μΆ‹κ² μµλ‹λ‹¤
μΆ‹κ²μ–΄μ”,μΆ‹κ² μµλ‹λ‹¤
μΆ‹μ„ κ²„ κ°™μ•„μ”,μΆ‹κ² μµλ‹λ‹¤
μΆ‹μ€λ°,μΆ‹μµλ‹λ‹¤λ§
μΆ‹κΈ΄ν•λ°,μΆ‹μµλ‹λ‹¤λ§
μΆ‹κΈ΄ ν•λ°,μΆ‹μµλ‹λ‹¤λ§
μΆ‹κ±°λ“ μ”,μΆ‹μµλ‹λ‹¤λ§
μΆ‹μΌλ©΄μ„,μΆ‹μµλ‹λ‹¤λ§
μΆ‹μΌλ©΄μ„λ„,μΆ‹μµλ‹λ‹¤λ§
μΆ‹κΈ΄ν•΄μ”,μΆ‹μµλ‹λ‹¤λ§
μΆ‹μΌλ©΄μ„λ„,μΆ‹μµλ‹λ‹¤λ§
μΆ‹κ²λ„¤μ”,μΆ‹κ² μµλ‹λ‹¤
μΆ‹κ² λ„¤μ”,μΆ‹κ² μµλ‹λ‹¤
μ—†μ–΄μ”,μ•λ©λ‹λ‹¤
μ—†λ„¤μ”,μ•λ©λ‹λ‹¤
μ—…λ„¤μ”,μ•λ©λ‹λ‹¤
μ—…μ–΄μ”,μ•λ©λ‹λ‹¤
μ—†λ”λ°μ”,μ•λ©λ‹λ‹¤
μ—…λ”λ°μ”,μ•λ©λ‹λ‹¤
μ—†λ”λ€μ”,μ•λ©λ‹λ‹¤
μ—…λ”λ€μ”,μ•λ©λ‹λ‹¤
μ—†κ±°λ“ μ”,μ•λ©λ‹λ‹¤
μ—…κ±°λ“ μ”,μ•λ©λ‹λ‹¤
κ°•μ¶”,μ¶”μ²
μΆ‹κΈ΄ν•΄μ”,μΆ‹μµλ‹λ‹¤λ§
μΆ‹κΈ΄ ν•΄μ”,μΆ‹μµλ‹λ‹¤λ§
μ•λ¨,μ•λ©λ‹λ‹¤
μ•λ¨,μ•λ©λ‹λ‹¤
μ•λ,μ•λ©λ‹λ‹¤
μ•λ,μ•λ©λ‹λ‹¤
μ•λ,μ•λ©λ‹λ‹¤
μ•λ,μ•λ©λ‹λ‹¤
μ•λ¨λ‹λ‹¤,μ•λ©λ‹λ‹¤
μ•λ‘λ‹λ‹¤,μ•λ©λ‹λ‹¤
μ•λ©λ‹λ‹¤,μ•λ©λ‹λ‹¤
μ•λλ„¤μ—Ό,μ•λ©λ‹λ‹¤
μ•λλ„¤μ—Ό,μ•λ©λ‹λ‹¤
μ•λΌμ—Ό,μ•λ©λ‹λ‹¤
μ•λμ—Ό,μ•λ©λ‹λ‹¤
μ•λ¨μ—¬,μ•λ©λ‹λ‹¤
μ•λΌμ—¬,μ•λ©λ‹λ‹¤
μ•λμ—¬,μ•λ©λ‹λ‹¤
