,number,subject,date,view,link
0,,"""이 연애는 불가항력.6회.230907
M 최고관리자 1114 09.08",,,https://a73.koreanz.xyz/bbs/board.php?bo_table=tvdrama&wr_id=17503&page=2
1,,"""오랫동안 당신을 기다렸습니다.14회.230907
M 최고관리자 1314 09.08",,,https://a73.koreanz.xyz/bbs/board.php?bo_table=tvdrama&wr_id=17502&page=2
2,,"""국민사형투표.5회.230907
M 최고관리자 2354 09.08",,,https://a73.koreanz.xyz/bbs/board.php?bo_table=tvdrama&wr_id=17501&page=2
3,,"""금이야 옥이야.115회.230907
M 최고관리자 349 09.08",,,https://a73.koreanz.xyz/bbs/board.php?bo_table=tvdrama&wr_id=17500&page=2
4,,"""우아한 제국.23회.230907
M 최고관리자 291 09.08",,,https://a73.koreanz.xyz/bbs/board.php?bo_table=tvdrama&wr_id=17499&page=2
5,,"준과 준.8회.230907
M 최고관리자 522 09.08",,,https://a73.koreanz.xyz/bbs/board.php?bo_table=tvdrama&wr_id=17496&page=2
6,,"1
이 연애는 불가항력.6회.230907
M 최고관리자 1997 09.08",,,https://a73.koreanz.xyz/bbs/board.php?bo_table=tvdrama&wr_id=17495&page=2
7,,"오랫동안 당신을 기다렸습니다.14회.230907
M 최고관리자 2553 09.08",,,https://a73.koreanz.xyz/bbs/board.php?bo_table=tvdrama&wr_id=17494&page=2
8,,"국민사형투표.5회.230907
M 최고관리자 3629 09.07",,,https://a73.koreanz.xyz/bbs/board.php?bo_table=tvdrama&wr_id=17493&page=2
9,,"금이야 옥이야.115회.230907
M 최고관리자 1301 09.07",,,https://a73.koreanz.xyz/bbs/board.php?bo_table=tvdrama&wr_id=17492&page=2
10,,"우아한 제국.23회.230907
M 최고관리자 872 09.07",,,https://a73.koreanz.xyz/bbs/board.php?bo_table=tvdrama&wr_id=17491&page=2
11,,"하늘의 인연.101회.230907
M 최고관리자 1268 09.07",,,https://a73.koreanz.xyz/bbs/board.php?bo_table=tvdrama&wr_id=17490&page=2
12,,"""하늘의 인연.101회.230907
M 최고관리자 469 09.07",,,https://a73.koreanz.xyz/bbs/board.php?bo_table=tvdrama&wr_id=17489&page=2
13,,"""오랫동안 당신을 기다렸습니다.13회.230906
M 최고관리자 1054 09.07",,,https://a73.koreanz.xyz/bbs/board.php?bo_table=tvdrama&wr_id=17488&page=2
14,,"""이 연애는 불가항력.5회.230906
M 최고관리자 915 09.07",,,https://a73.koreanz.xyz/bbs/board.php?bo_table=tvdrama&wr_id=17487&page=2
15,,"""금이야 옥이야.114회.230906
M 최고관리자 178 09.07",,,https://a73.koreanz.xyz/bbs/board.php?bo_table=tvdrama&wr_id=17486&page=2
16,,"""우아한 제국.22회.230906
M 최고관리자 179 09.07",,,https://a73.koreanz.xyz/bbs/board.php?bo_table=tvdrama&wr_id=17485&page=2
17,,"""하늘의 인연.100회.230906
M 최고관리자 165 09.07",,,https://a73.koreanz.xyz/bbs/board.php?bo_table=tvdrama&wr_id=17484&page=2
18,,"1
""무빙.15회.230906
M 최고관리자 4769 09.07",,,https://a73.koreanz.xyz/bbs/board.php?bo_table=tvdrama&wr_id=17483&page=2
19,,"""무빙.14회.230906
M 최고관리자 4163 09.07",,,https://a73.koreanz.xyz/bbs/board.php?bo_table=tvdrama&wr_id=17482&page=2
20,,"""신병 시즌2.4회.230905
M 최고관리자 1180 09.07",,,https://a73.koreanz.xyz/bbs/board.php?bo_table=tvdrama&wr_id=17481&page=3
21,,"오랫동안 당신을 기다렸습니다.13회.230906
M 최고관리자 3759 09.07",,,https://a73.koreanz.xyz/bbs/board.php?bo_table=tvdrama&wr_id=17476&page=3
22,,"1
이 연애는 불가항력.5회.230906
M 최고관리자 2905 09.07",,,https://a73.koreanz.xyz/bbs/board.php?bo_table=tvdrama&wr_id=17475&page=3
23,,"금이야 옥이야.114회.230906
M 최고관리자 1558 09.06",,,https://a73.koreanz.xyz/bbs/board.php?bo_table=tvdrama&wr_id=17474&page=3
24,,"우아한 제국.22회.230906
M 최고관리자 1078 09.06",,,https://a73.koreanz.xyz/bbs/board.php?bo_table=tvdrama&wr_id=17473&page=3
25,,"하늘의 인연.100회.230906
M 최고관리자 1609 09.06",,,https://a73.koreanz.xyz/bbs/board.php?bo_table=tvdrama&wr_id=17472&page=3
26,,"1
무빙.15회.230906
M 최고관리자 13878 09.06",,,https://a73.koreanz.xyz/bbs/board.php?bo_table=tvdrama&wr_id=17471&page=3
27,,"1
무빙.14회.230906
M 최고관리자 18005 09.06",,,https://a73.koreanz.xyz/bbs/board.php?bo_table=tvdrama&wr_id=17470&page=3
28,,"신병 시즌2.4회.230905
M 최고관리자 7284 09.06",,,https://a73.koreanz.xyz/bbs/board.php?bo_table=tvdrama&wr_id=17469&page=3
29,,"""순정복서.6회.230905
M 최고관리자 1913 09.06",,,https://a73.koreanz.xyz/bbs/board.php?bo_table=tvdrama&wr_id=17468&page=3
30,,"""소용없어 거짓말.12회.230905
M 최고관리자 3033 09.06",,,https://a73.koreanz.xyz/bbs/board.php?bo_table=tvdrama&wr_id=17467&page=3
31,,"""금이야 옥이야.113회.230905
M 최고관리자 955 09.06",,,https://a73.koreanz.xyz/bbs/board.php?bo_table=tvdrama&wr_id=17466&page=3
32,,"순정복서.6회.230905
M 최고관리자 1380 09.05",,,https://a73.koreanz.xyz/bbs/board.php?bo_table=tvdrama&wr_id=17465&page=3
33,,"소용없어 거짓말.12회.230905
M 최고관리자 2323 09.05",,,https://a73.koreanz.xyz/bbs/board.php?bo_table=tvdrama&wr_id=17464&page=3
34,,"""하늘의 인연.99회.230905
M 최고관리자 976 09.05",,,https://a73.koreanz.xyz/bbs/board.php?bo_table=tvdrama&wr_id=17463&page=3
35,,"금이야 옥이야.113회.230905
M 최고관리자 1178 09.05",,,https://a73.koreanz.xyz/bbs/board.php?bo_table=tvdrama&wr_id=17462&page=3
36,,"우아한 제국.21회.230905
M 최고관리자 1265 09.05",,,https://a73.koreanz.xyz/bbs/board.php?bo_table=tvdrama&wr_id=17461&page=3
37,,"하늘의 인연.99회.230905
M 최고관리자 1241 09.05",,,https://a73.koreanz.xyz/bbs/board.php?bo_table=tvdrama&wr_id=17460&page=3
38,,"신병 시즌2.3회.230905
M 최고관리자 6890 09.05",,,https://a73.koreanz.xyz/bbs/board.php?bo_table=tvdrama&wr_id=17459&page=3
39,,"""신병 시즌2.3회.230905
M 최고관리자 3850 09.05",,,https://a73.koreanz.xyz/bbs/board.php?bo_table=tvdrama&wr_id=17458&page=3
40,,"""OPENing 2023 - 나를 쏘다 2부.8회.230903
M 최고관리자 579 09.05",,,https://a73.koreanz.xyz/bbs/board.php?bo_table=tvdrama&wr_id=17457&page=4
41,,"""순정복서.5회.230904
M 최고관리자 1023 09.05",,,https://a73.koreanz.xyz/bbs/board.php?bo_table=tvdrama&wr_id=17456&page=4
42,,"""소용없어 거짓말.11회.230904
M 최고관리자 1837 09.05",,,https://a73.koreanz.xyz/bbs/board.php?bo_table=tvdrama&wr_id=17455&page=4
43,,"""금이야 옥이야.112회.230904
M 최고관리자 366 09.05",,,https://a73.koreanz.xyz/bbs/board.php?bo_table=tvdrama&wr_id=17454&page=4
44,,"""우아한 제국.20회.230904
M 최고관리자 367 09.05",,,https://a73.koreanz.xyz/bbs/board.php?bo_table=tvdrama&wr_id=17453&page=4
45,,"""하늘의 인연.98회.230904
M 최고관리자 358 09.05",,,https://a73.koreanz.xyz/bbs/board.php?bo_table=tvdrama&wr_id=17452&page=4
46,,"""힙하게.8회.230903
M 최고관리자 1111 09.05",,,https://a73.koreanz.xyz/bbs/board.php?bo_table=tvdrama&wr_id=17451&page=4
47,,"""경이로운 소문2 - 카운터 펀치.12회.230903
M 최고관리자 958 09.05",,,https://a73.koreanz.xyz/bbs/board.php?bo_table=tvdrama&wr_id=17450&page=4
48,,"""진짜가 나타났다.48회.230903
M 최고관리자 431 09.05",,,https://a73.koreanz.xyz/bbs/board.php?bo_table=tvdrama&wr_id=17449&page=4
49,,"""힙하게.7회.230902
M 최고관리자 521 09.05",,,https://a73.koreanz.xyz/bbs/board.php?bo_table=tvdrama&wr_id=17448&page=4
50,,"""연인 파트1.10회.230902
M 최고관리자 1201 09.05",,,https://a73.koreanz.xyz/bbs/board.php?bo_table=tvdrama&wr_id=17447&page=4
51,,"""경이로운 소문2 - 카운터 펀치.11회.230902
M 최고관리자 490 09.05",,,https://a73.koreanz.xyz/bbs/board.php?bo_table=tvdrama&wr_id=17446&page=4
52,,"""진짜가 나타났다.47회.230902
M 최고관리자 178 09.05",,,https://a73.koreanz.xyz/bbs/board.php?bo_table=tvdrama&wr_id=17445&page=4
53,,"""잔혹한 인턴.8회.230901
M 최고관리자 590 09.05",,,https://a73.koreanz.xyz/bbs/board.php?bo_table=tvdrama&wr_id=17444&page=4
54,,"""잔혹한 인턴.7회.230901
M 최고관리자 578 09.05",,,https://a73.koreanz.xyz/bbs/board.php?bo_table=tvdrama&wr_id=17443&page=4
55,,"""독립영화관.230901
M 최고관리자 61 09.05",,,https://a73.koreanz.xyz/bbs/board.php?bo_table=tvdrama&wr_id=17442&page=4
56,,"""소방서 옆 경찰서 그리고 국과수.9회.230901
M 최고관리자 791 09.05",,,https://a73.koreanz.xyz/bbs/board.php?bo_table=tvdrama&wr_id=17441&page=4
57,,"""연인 파트1.9회.230901
M 최고관리자 661 09.05",,,https://a73.koreanz.xyz/bbs/board.php?bo_table=tvdrama&wr_id=17440&page=4
58,,"""우아한 제국.19회.230901
M 최고관리자 52 09.05",,,https://a73.koreanz.xyz/bbs/board.php?bo_table=tvdrama&wr_id=17439&page=4
59,,"""하늘의 인연.97회.230901
M 최고관리자 38 09.05",,,https://a73.koreanz.xyz/bbs/board.php?bo_table=tvdrama&wr_id=17438&page=4
60,,"""신병 시즌1 E09-E10.230831
M 최고관리자 214 09.05",,,https://a73.koreanz.xyz/bbs/board.php?bo_table=tvdrama&wr_id=17437&page=5
61,,"""신병 시즌1 E07-E08.230831
M 최고관리자 132 09.05",,,https://a73.koreanz.xyz/bbs/board.php?bo_table=tvdrama&wr_id=17436&page=5
62,,"""신병 시즌1 E04-E06.230831
M 최고관리자 125 09.05",,,https://a73.koreanz.xyz/bbs/board.php?bo_table=tvdrama&wr_id=17435&page=5
63,,"""신병 시즌1 E01-E03.230831
M 최고관리자 223 09.05",,,https://a73.koreanz.xyz/bbs/board.php?bo_table=tvdrama&wr_id=17434&page=5
64,,"잔혹한 인턴.3회.230904
M 최고관리자 1086 09.05",,,https://a73.koreanz.xyz/bbs/board.php?bo_table=tvdrama&wr_id=17432&page=5
65,,"OPENing 2023 - 나를 쏘다 2부.8회.230903
M 최고관리자 674 09.05",,,https://a73.koreanz.xyz/bbs/board.php?bo_table=tvdrama&wr_id=17431&page=5
66,,"순정복서.5회.230904
M 최고관리자 2111 09.04",,,https://a73.koreanz.xyz/bbs/board.php?bo_table=tvdrama&wr_id=17430&page=5
67,,"소용없어 거짓말.11회.230904
M 최고관리자 3487 09.04",,,https://a73.koreanz.xyz/bbs/board.php?bo_table=tvdrama&wr_id=17429&page=5
68,,"금이야 옥이야.112회.230904
M 최고관리자 1408 09.04",,,https://a73.koreanz.xyz/bbs/board.php?bo_table=tvdrama&wr_id=17428&page=5
69,,"우아한 제국.20회.230904
M 최고관리자 1103 09.04",,,https://a73.koreanz.xyz/bbs/board.php?bo_table=tvdrama&wr_id=17426&page=5
70,,"하늘의 인연.98회.230904
M 최고관리자 1505 09.04",,,https://a73.koreanz.xyz/bbs/board.php?bo_table=tvdrama&wr_id=17424&page=5
71,,"1
힙하게.8회.230903
M 최고관리자 5960 09.04",,,https://a73.koreanz.xyz/bbs/board.php?bo_table=tvdrama&wr_id=17421&page=5
72,,"경이로운 소문2 - 카운터 펀치.12회.230903
M 최고관리자 6563 09.03",,,https://a73.koreanz.xyz/bbs/board.php?bo_table=tvdrama&wr_id=17420&page=5
73,,"진짜가 나타났다.48회.230903
M 최고관리자 3950 09.03",,,https://a73.koreanz.xyz/bbs/board.php?bo_table=tvdrama&wr_id=17419&page=5
74,,"KBS UHD 명품관.230903
M 최고관리자 646 09.03",,,https://a73.koreanz.xyz/bbs/board.php?bo_table=tvdrama&wr_id=17418&page=5
75,,"1
힙하게.7회.230902
M 최고관리자 7252 09.03",,,https://a73.koreanz.xyz/bbs/board.php?bo_table=tvdrama&wr_id=17415&page=5
76,,"연인 파트1.10회.230902
M 최고관리자 13428 09.03",,,https://a73.koreanz.xyz/bbs/board.php?bo_table=tvdrama&wr_id=17414&page=5
77,,"소방서 옆 경찰서 그리고 국과수.10회.230902
M 최고관리자 11887 09.02",,,https://a73.koreanz.xyz/bbs/board.php?bo_table=tvdrama&wr_id=17413&page=5
78,,"경이로운 소문2 - 카운터 펀치.11회.230902
M 최고관리자 7525 09.02",,,https://a73.koreanz.xyz/bbs/board.php?bo_table=tvdrama&wr_id=17412&page=5
79,,"진짜가 나타났다.47회.230902
M 최고관리자 4631 09.02",,,https://a73.koreanz.xyz/bbs/board.php?bo_table=tvdrama&wr_id=17411&page=5
80,,"잔혹한 인턴.8회.230901
M 최고관리자 4401 09.02",,,https://a73.koreanz.xyz/bbs/board.php?bo_table=tvdrama&wr_id=17410&page=6
81,,"잔혹한 인턴.7회.230901
M 최고관리자 4626 09.02",,,https://a73.koreanz.xyz/bbs/board.php?bo_table=tvdrama&wr_id=17409&page=6
82,,"독립영화관.230901
M 최고관리자 1029 09.02",,,https://a73.koreanz.xyz/bbs/board.php?bo_table=tvdrama&wr_id=17408&page=6
83,,"소방서 옆 경찰서 그리고 국과수.9회.230901
M 최고관리자 13321 09.02",,,https://a73.koreanz.xyz/bbs/board.php?bo_table=tvdrama&wr_id=17407&page=6
84,,"연인 파트1.9회.230901
M 최고관리자 14886 09.02",,,https://a73.koreanz.xyz/bbs/board.php?bo_table=tvdrama&wr_id=17406&page=6
85,,"금이야 옥이야.111회.230901
M 최고관리자 2064 09.01",,,https://a73.koreanz.xyz/bbs/board.php?bo_table=tvdrama&wr_id=17405&page=6
86,,"우아한 제국.19회.230901
M 최고관리자 1581 09.01",,,https://a73.koreanz.xyz/bbs/board.php?bo_table=tvdrama&wr_id=17404&page=6
87,,"하늘의 인연.97회.230901
M 최고관리자 2139 09.01",,,https://a73.koreanz.xyz/bbs/board.php?bo_table=tvdrama&wr_id=17403&page=6
88,,"신병 시즌1 E09-E10.230831
M 최고관리자 2065 09.01",,,https://a73.koreanz.xyz/bbs/board.php?bo_table=tvdrama&wr_id=17401&page=6
89,,"신병 시즌1 E07-E08.230831
M 최고관리자 1441 09.01",,,https://a73.koreanz.xyz/bbs/board.php?bo_table=tvdrama&wr_id=17400&page=6
90,,"신병 시즌1 E04-E06.230831
M 최고관리자 1614 09.01",,,https://a73.koreanz.xyz/bbs/board.php?bo_table=tvdrama&wr_id=17399&page=6
91,,"1
신병 시즌1 E01-E03.230831
M 최고관리자 3771 09.01",,,https://a73.koreanz.xyz/bbs/board.php?bo_table=tvdrama&wr_id=17398&page=6
92,,"""이 연애는 불가항력.4회.230831
M 최고관리자 2946 09.01",,,https://a73.koreanz.xyz/bbs/board.php?bo_table=tvdrama&wr_id=17397&page=6
93,,"""오랫동안 당신을 기다렸습니다.12회.230831
M 최고관리자 3421 09.01",,,https://a73.koreanz.xyz/bbs/board.php?bo_table=tvdrama&wr_id=17396&page=6
94,,"""국민사형투표.4회.230831
M 최고관리자 5975 09.01",,,https://a73.koreanz.xyz/bbs/board.php?bo_table=tvdrama&wr_id=17395&page=6
95,,"""금이야 옥이야.110회.230831
M 최고관리자 966 09.01",,,https://a73.koreanz.xyz/bbs/board.php?bo_table=tvdrama&wr_id=17394&page=6
96,,"""우아한 제국.18회.230831
M 최고관리자 852 09.01",,,https://a73.koreanz.xyz/bbs/board.php?bo_table=tvdrama&wr_id=17393&page=6
97,,"""하늘의 인연.96회.230831
M 최고관리자 926 09.01",,,https://a73.koreanz.xyz/bbs/board.php?bo_table=tvdrama&wr_id=17392&page=6
98,,"""준과 준.7회.230831
M 최고관리자 582 09.01",,,https://a73.koreanz.xyz/bbs/board.php?bo_table=tvdrama&wr_id=17391&page=6
99,,"""신병 시즌2.2회.230831
M 최고관리자 4635 09.01",,,https://a73.koreanz.xyz/bbs/board.php?bo_table=tvdrama&wr_id=17390&page=6
100,,"""신병 시즌2.1회.230831
M 최고관리자 5774 09.01",,,https://a73.koreanz.xyz/bbs/board.php?bo_table=tvdrama&wr_id=17389&page=7
101,,"1
이 연애는 불가항력.4회.230831
M 최고관리자 2224 09.01",,,https://a73.koreanz.xyz/bbs/board.php?bo_table=tvdrama&wr_id=17387&page=7
102,,"오랫동안 당신을 기다렸습니다.12회.230831
M 최고관리자 2298 09.01",,,https://a73.koreanz.xyz/bbs/board.php?bo_table=tvdrama&wr_id=17386&page=7
103,,"국민사형투표.4회.230831
M 최고관리자 4003 08.31",,,https://a73.koreanz.xyz/bbs/board.php?bo_table=tvdrama&wr_id=17385&page=7
104,,"금이야 옥이야.110회.230831
M 최고관리자 1080 08.31",,,https://a73.koreanz.xyz/bbs/board.php?bo_table=tvdrama&wr_id=17383&page=7
105,,"우아한 제국.18회.230831
M 최고관리자 815 08.31",,,https://a73.koreanz.xyz/bbs/board.php?bo_table=tvdrama&wr_id=17382&page=7
106,,"하늘의 인연.96회.230831
M 최고관리자 1250 08.31",,,https://a73.koreanz.xyz/bbs/board.php?bo_table=tvdrama&wr_id=17381&page=7
107,,"준과 준.7회.230831
M 최고관리자 533 08.31",,,https://a73.koreanz.xyz/bbs/board.php?bo_table=tvdrama&wr_id=17380&page=7
108,,"신병 시즌2.2회.230831
M 최고관리자 4202 08.31",,,https://a73.koreanz.xyz/bbs/board.php?bo_table=tvdrama&wr_id=17379&page=7
109,,"1
신병 시즌2.1회.230831
M 최고관리자 7099 08.31",,,https://a73.koreanz.xyz/bbs/board.php?bo_table=tvdrama&wr_id=17378&page=7
110,,"""이 연애는 불가항력.3회.230830
M 최고관리자 2164 08.31",,,https://a73.koreanz.xyz/bbs/board.php?bo_table=tvdrama&wr_id=17376&page=7
111,,"""오랫동안 당신을 기다렸습니다.11회.230830
M 최고관리자 2260 08.31",,,https://a73.koreanz.xyz/bbs/board.php?bo_table=tvdrama&wr_id=17375&page=7
112,,"""금이야 옥이야.109회.230830
M 최고관리자 537 08.31",,,https://a73.koreanz.xyz/bbs/board.php?bo_table=tvdrama&wr_id=17374&page=7
113,,"""우아한 제국.17회.230830
M 최고관리자 519 08.31",,,https://a73.koreanz.xyz/bbs/board.php?bo_table=tvdrama&wr_id=17373&page=7
114,,"""하늘의 인연.95회.230830
M 최고관리자 578 08.31",,,https://a73.koreanz.xyz/bbs/board.php?bo_table=tvdrama&wr_id=17372&page=7
115,,"""무빙.13회.230830
M 최고관리자 12342 08.31",,,https://a73.koreanz.xyz/bbs/board.php?bo_table=tvdrama&wr_id=17371&page=7
116,,"""무빙.12회.230830
M 최고관리자 11855 08.31",,,https://a73.koreanz.xyz/bbs/board.php?bo_table=tvdrama&wr_id=17370&page=7
117,,"신병
15 쿨한놈빵 4085 08.31",,,https://a73.koreanz.xyz/bbs/board.php?bo_table=tvdrama&wr_id=17369&page=7
118,,"1
이 연애는 불가항력.3회.230830
M 최고관리자 2915 08.31",,,https://a73.koreanz.xyz/bbs/board.php?bo_table=tvdrama&wr_id=17368&page=7
119,,"오랫동안 당신을 기다렸습니다.11회.230830
M 최고관리자 3052 08.31",,,https://a73.koreanz.xyz/bbs/board.php?bo_table=tvdrama&wr_id=17367&page=7
120,,"금이야 옥이야.109회.230830
M 최고관리자 1385 08.30",,,https://a73.koreanz.xyz/bbs/board.php?bo_table=tvdrama&wr_id=17366&page=8
121,,"우아한 제국.17회.230830
M 최고관리자 1040 08.30",,,https://a73.koreanz.xyz/bbs/board.php?bo_table=tvdrama&wr_id=17365&page=8
122,,"하늘의 인연.95회.230830
M 최고관리자 1508 08.30",,,https://a73.koreanz.xyz/bbs/board.php?bo_table=tvdrama&wr_id=17364&page=8
123,,"""무빙.11회.230823
M 최고관리자 5069 08.30",,,https://a73.koreanz.xyz/bbs/board.php?bo_table=tvdrama&wr_id=17363&page=8
124,,"1
""무빙.10회.230823
M 최고관리자 5710 08.30",,,https://a73.koreanz.xyz/bbs/board.php?bo_table=tvdrama&wr_id=17362&page=8
125,,"1
무빙.13회.230830
M 최고관리자 13739 08.30",,,https://a73.koreanz.xyz/bbs/board.php?bo_table=tvdrama&wr_id=17361&page=8
126,,"1
무빙.12회.230830
M 최고관리자 20073 08.30",,,https://a73.koreanz.xyz/bbs/board.php?bo_table=tvdrama&wr_id=17360&page=8
127,,"""순정복서.4회.230829
M 최고관리자 1207 08.30",,,https://a73.koreanz.xyz/bbs/board.php?bo_table=tvdrama&wr_id=17359&page=8
128,,"""소용없어 거짓말.10회.230829
M 최고관리자 1738 08.30",,,https://a73.koreanz.xyz/bbs/board.php?bo_table=tvdrama&wr_id=17358&page=8
129,,"""금이야 옥이야.108회.230829
M 최고관리자 437 08.30",,,https://a73.koreanz.xyz/bbs/board.php?bo_table=tvdrama&wr_id=17357&page=8
130,,"""우아한 제국.16회.230829
M 최고관리자 388 08.30",,,https://a73.koreanz.xyz/bbs/board.php?bo_table=tvdrama&wr_id=17356&page=8
131,,"""하늘의 인연.94회.230829
M 최고관리자 394 08.30",,,https://a73.koreanz.xyz/bbs/board.php?bo_table=tvdrama&wr_id=17355&page=8
132,,"순정복서.4회.230829
M 최고관리자 2398 08.29",,,https://a73.koreanz.xyz/bbs/board.php?bo_table=tvdrama&wr_id=17354&page=8
133,,"소용없어 거짓말.10회.230829
M 최고관리자 4334 08.29",,,https://a73.koreanz.xyz/bbs/board.php?bo_table=tvdrama&wr_id=17353&page=8
134,,"금이야 옥이야.108회.230829
M 최고관리자 1542 08.29",,,https://a73.koreanz.xyz/bbs/board.php?bo_table=tvdrama&wr_id=17352&page=8
135,,"우아한 제국.16회.230829
M 최고관리자 1210 08.29",,,https://a73.koreanz.xyz/bbs/board.php?bo_table=tvdrama&wr_id=17351&page=8
136,,"하늘의 인연.94회.230829
M 최고관리자 1685 08.29",,,https://a73.koreanz.xyz/bbs/board.php?bo_table=tvdrama&wr_id=17350&page=8
137,,"""잔혹한 인턴.2회.230828
M 최고관리자 1736 08.29",,,https://a73.koreanz.xyz/bbs/board.php?bo_table=tvdrama&wr_id=17349&page=8
138,,"""순정복서.3회.230828
M 최고관리자 1823 08.29",,,https://a73.koreanz.xyz/bbs/board.php?bo_table=tvdrama&wr_id=17348&page=8
139,,"""소용없어 거짓말.9회.230828
M 최고관리자 3084 08.29",,,https://a73.koreanz.xyz/bbs/board.php?bo_table=tvdrama&wr_id=17347&page=8
140,,"""금이야 옥이야.107회.230828
M 최고관리자 769 08.29",,,https://a73.koreanz.xyz/bbs/board.php?bo_table=tvdrama&wr_id=17346&page=9
141,,"""우아한 제국.15회.230828
M 최고관리자 730 08.29",,,https://a73.koreanz.xyz/bbs/board.php?bo_table=tvdrama&wr_id=17345&page=9
142,,"""하늘의 인연.93회.230828
M 최고관리자 706 08.29",,,https://a73.koreanz.xyz/bbs/board.php?bo_table=tvdrama&wr_id=17344&page=9
143,,"잔혹한 인턴.2회.230828
M 최고관리자 1781 08.29",,,https://a73.koreanz.xyz/bbs/board.php?bo_table=tvdrama&wr_id=17342&page=9
144,,"순정복서.3회.230828
M 최고관리자 2480 08.28",,,https://a73.koreanz.xyz/bbs/board.php?bo_table=tvdrama&wr_id=17341&page=9
145,,"소용없어 거짓말.9회.230828
M 최고관리자 4245 08.28",,,https://a73.koreanz.xyz/bbs/board.php?bo_table=tvdrama&wr_id=17340&page=9
146,,"금이야 옥이야.107회.230828
M 최고관리자 1467 08.28",,,https://a73.koreanz.xyz/bbs/board.php?bo_table=tvdrama&wr_id=17339&page=9
147,,"우아한 제국.15회.230828
M 최고관리자 1128 08.28",,,https://a73.koreanz.xyz/bbs/board.php?bo_table=tvdrama&wr_id=17338&page=9
148,,"하늘의 인연.93회.230828
M 최고관리자 1587 08.28",,,https://a73.koreanz.xyz/bbs/board.php?bo_table=tvdrama&wr_id=17337&page=9
149,,"""OPENing 2023.7회.230827
M 최고관리자 1193 08.28",,,https://a73.koreanz.xyz/bbs/board.php?bo_table=tvdrama&wr_id=17328&page=9
150,,"""힙하게.6회.230827
M 최고관리자 4064 08.28",,,https://a73.koreanz.xyz/bbs/board.php?bo_table=tvdrama&wr_id=17327&page=9
151,,"""진짜가 나타났다.46회.230826
M 최고관리자 1955 08.28",,,https://a73.koreanz.xyz/bbs/board.php?bo_table=tvdrama&wr_id=17326&page=9
152,,"""경이로운 소문2 - 카운터 펀치.10회.230827
M 최고관리자 3785 08.28",,,https://a73.koreanz.xyz/bbs/board.php?bo_table=tvdrama&wr_id=17325&page=9
153,,"KBS UHD 명품관.230827
M 최고관리자 634 08.28",,,https://a73.koreanz.xyz/bbs/board.php?bo_table=tvdrama&wr_id=17324&page=9
154,,"OPENing 2023.7회.230827
M 최고관리자 1005 08.28",,,https://a73.koreanz.xyz/bbs/board.php?bo_table=tvdrama&wr_id=17323&page=9
155,,"1
힙하게.6회.230827
M 최고관리자 4504 08.28",,,https://a73.koreanz.xyz/bbs/board.php?bo_table=tvdrama&wr_id=17322&page=9
156,,"진짜가 나타났다.46회.230826
M 최고관리자 2865 08.28",,,https://a73.koreanz.xyz/bbs/board.php?bo_table=tvdrama&wr_id=17321&page=9
157,,"경이로운 소문2 - 카운터 펀치.10회.230827
M 최고관리자 4920 08.27",,,https://a73.koreanz.xyz/bbs/board.php?bo_table=tvdrama&wr_id=17320&page=9
158,,"""힙하게.5회.230826
M 최고관리자 4184 08.27",,,https://a73.koreanz.xyz/bbs/board.php?bo_table=tvdrama&wr_id=17319&page=9
159,,"""연인 파트1.8회.230826
M 최고관리자 8090 08.27",,,https://a73.koreanz.xyz/bbs/board.php?bo_table=tvdrama&wr_id=17318&page=9
160,,"""소방서 옆 경찰서 그리고 국과수.8회.230826
M 최고관리자 6933 08.27",,,https://a73.koreanz.xyz/bbs/board.php?bo_table=tvdrama&wr_id=17317&page=10
161,,"""경이로운 소문2 - 카운터 펀치.9회.230826
M 최고관리자 3864 08.27",,,https://a73.koreanz.xyz/bbs/board.php?bo_table=tvdrama&wr_id=17316&page=10
162,,"""진짜가 나타났다.45회.230826
M 최고관리자 1984 08.27",,,https://a73.koreanz.xyz/bbs/board.php?bo_table=tvdrama&wr_id=17315&page=10
163,,"1
힙하게.5회.230826
M 최고관리자 5175 08.27",,,https://a73.koreanz.xyz/bbs/board.php?bo_table=tvdrama&wr_id=17314&page=10
164,,"연인 파트1.8회.230826
M 최고관리자 11628 08.27",,,https://a73.koreanz.xyz/bbs/board.php?bo_table=tvdrama&wr_id=17313&page=10
165,,"소방서 옆 경찰서 그리고 국과수.8회.230826
M 최고관리자 9602 08.26",,,https://a73.koreanz.xyz/bbs/board.php?bo_table=tvdrama&wr_id=17312&page=10
166,,"경이로운 소문2 - 카운터 펀치.9회.230826
M 최고관리자 5734 08.26",,,https://a73.koreanz.xyz/bbs/board.php?bo_table=tvdrama&wr_id=17311&page=10
167,,"진짜가 나타났다.45회.230826
M 최고관리자 3691 08.26",,,https://a73.koreanz.xyz/bbs/board.php?bo_table=tvdrama&wr_id=17310&page=10
168,,"""잔혹한 인턴.1회.230821
M 최고관리자 2804 08.26",,,https://a73.koreanz.xyz/bbs/board.php?bo_table=tvdrama&wr_id=17307&page=10
169,,"""잔혹한 인턴.4회.230818
M 최고관리자 1279 08.26",,,https://a73.koreanz.xyz/bbs/board.php?bo_table=tvdrama&wr_id=17306&page=10
170,,"""잔혹한 인턴.3회.230818
M 최고관리자 1582 08.26",,,https://a73.koreanz.xyz/bbs/board.php?bo_table=tvdrama&wr_id=17305&page=10
171,,"""잔혹한 인턴.6회.230825
M 최고관리자 2466 08.26",,,https://a73.koreanz.xyz/bbs/board.php?bo_table=tvdrama&wr_id=17303&page=10
172,,"""잔혹한 인턴.5회.230825
M 최고관리자 2953 08.26",,,https://a73.koreanz.xyz/bbs/board.php?bo_table=tvdrama&wr_id=17302&page=10
173,,"""독립영화관.230825
M 최고관리자 447 08.26",,,https://a73.koreanz.xyz/bbs/board.php?bo_table=tvdrama&wr_id=17301&page=10
174,,"""소방서 옆 경찰서 그리고 국과수.7회.230825
M 최고관리자 7380 08.26",,,https://a73.koreanz.xyz/bbs/board.php?bo_table=tvdrama&wr_id=17300&page=10
175,,"""연인 파트1.7회.230825
M 최고관리자 7982 08.26",,,https://a73.koreanz.xyz/bbs/board.php?bo_table=tvdrama&wr_id=17299&page=10
176,,"""금이야 옥이야.106회.230825
M 최고관리자 578 08.26",,,https://a73.koreanz.xyz/bbs/board.php?bo_table=tvdrama&wr_id=17298&page=10
177,,"""우아한 제국.14회.230825
M 최고관리자 594 08.26",,,https://a73.koreanz.xyz/bbs/board.php?bo_table=tvdrama&wr_id=17297&page=10
178,,"""하늘의 인연.92회.230825
M 최고관리자 1429 08.26",,,https://a73.koreanz.xyz/bbs/board.php?bo_table=tvdrama&wr_id=17296&page=10
179,,"""준과 준.6회.230825
M 최고관리자 499 08.26",,,https://a73.koreanz.xyz/bbs/board.php?bo_table=tvdrama&wr_id=17295&page=10
